,opeid,name,state,prog-length,school-type-num,dual-num-2014,dual-denom-2014,drate-2014,prate-2014,ethnic-code,program,dual-num-2013,dual-denom-2013,drate-2013,prate-2013,dual-num-2012,dual-denom-2012,drate-2012,prate-2012,school-type-label,non_default,community-schools
650,1998,SOUTHEAST KENTUCKY COMMUNITY AND TECHNICAL COLLEGE               ,KY,5,1,232,683,33.9,P,5,D,202,635,31.8,P,146,451,32.3,P,public,,True
3137,21466,SOUTH MOUNTAIN COMMUNITY COLLEGE                                 ,AZ,5,1,343,1029,33.3,A,3,D,256,845,30.2,A,164,574,28.5,A,public,,True
2568,9430,TRI-COUNTY COMMUNITY COLLEGE                                     ,NC,5,1,32,101,31.6,A,5,D,15,52,28.8,A,4,7,57.1,B,public,,True
1845,3816,SOUTHERN WEST VIRGINIA COMMUNITY AND TECHNICAL COLLEGE           ,WV,5,1,28,90,31.1,P,5,D,23,94,24.4,P,24,114,21.0,P,public,,True
4322,41190,EASTERN WEST VIRGINIA COMMUNITY & TECHNICAL COLLEGE              ,WV,5,1,35,115,30.4,A,5,D,22,94,23.4,A,16,45,35.5,A,public,,True
22,1038,SNEAD STATE COMMUNITY COLLEGE                                    ,AL,5,1,113,372,30.3,A,5,D,36,106,33.9,A,0,0,0.0,A,public,2012,True
2128,5754,ROWAN-CABARRUS COMMUNITY COLLEGE                                 ,NC,5,1,263,880,29.8,A,5,D,122,496,24.5,A,25,87,28.7,A,public,,True
2466,8558,BEAUFORT COUNTY COMMUNITY COLLEGE                                ,NC,5,1,105,356,29.4,A,5,D,54,229,23.5,A,20,71,28.1,A,public,,True
648,1996,BIG SANDY COMMUNITY AND TECHNICAL COLLEGE                        ,KY,5,1,282,960,29.3,P,5,D,256,947,27.0,P,258,952,27.1,P,public,,True
2473,8612,ROBESON COMMUNITY COLLEGE                                        ,NC,5,1,143,490,29.1,A,5,D,129,388,33.2,A,11,30,36.6,A,public,,True
2283,7275,EASTERN GATEWAY COMMUNITY COLLEGE                                ,OH,5,1,192,662,29.0,A,5,D,143,561,25.4,A,97,322,30.1,A,public,,True
2640,9903,VANCE - GRANVILLE COMMUNITY COLLEGE                              ,NC,5,1,97,335,28.9,A,5,D,61,256,23.8,A,17,47,36.1,A,public,,True
1998,4835,CALDWELL COMMUNITY COLLEGE & TECHNICAL INSTITUTE                 ,NC,5,1,217,753,28.8,A,5,D,284,877,32.3,A,178,632,28.1,A,public,,True
1418,3221,TREASURE VALLEY COMMUNITY COLLEGE                                ,OR,5,1,353,1248,28.2,A,5,D,305,1238,24.6,A,301,1192,25.2,A,public,,True
2054,5258,HAWAII COMMUNITY COLLEGE                                         ,HI,5,1,79,281,28.1,P,5,D,92,328,28.0,P,80,289,27.6,P,public,,True
2405,8085,MCDOWELL TECHNICAL COMMUNITY COLLEGE                             ,NC,5,1,39,139,28.0,A,5,D,43,141,30.4,A,7,23,30.4,B,public,,True
2474,8613,ROANOKE CHOWAN COMMUNITY COLLEGE                                 ,NC,5,1,10,36,27.7,A,5,D,13,50,26.0,A,7,17,41.1,B,public,,True
2392,7986,HALIFAX COMMUNITY COLLEGE                                        ,NC,5,1,82,298,27.5,A,5,D,109,396,27.5,A,100,304,32.8,A,public,,True
2403,8081,CARTERET COMMUNITY COLLEGE                                       ,NC,5,1,68,248,27.4,A,5,D,50,211,23.6,A,63,229,27.5,A,public,,True
4221,39573,BLUE RIDGE COMMUNITY AND TECHNICAL COLLEGE                       ,WV,5,1,262,956,27.4,A,5,D,201,776,25.9,A,187,620,30.1,A,public,,True
4267,40385,PIERPONT COMMUNITY & TECHNICAL COLLEGE                           ,WV,5,1,353,1286,27.4,A,5,D,377,1363,27.6,A,335,1160,28.8,A,public,,True
1278,2980,WAYNE COMMUNITY COLLEGE                                          ,NC,5,1,183,667,27.4,A,5,D,86,307,28.0,A,15,67,22.3,A,public,,True
1269,2964,SOUTHEASTERN COMMUNITY COLLEGE                                   ,NC,5,1,103,377,27.3,A,5,D,96,396,24.2,A,141,431,32.7,A,public,,True
916,2404,EAST CENTRAL COMMUNITY COLLEGE                                   ,MS,5,1,178,652,27.3,A,5,D,168,799,21.0,A,144,759,18.9,A,public,,True
4,1007,CENTRAL ALABAMA COMMUNITY COLLEGE                                ,AL,5,1,184,674,27.2,P,5,D,146,659,22.1,P,144,656,21.9,P,public,,True
1992,4742,CENTRAL NEW MEXICO COMMUNITY COLLEGE                             ,NM,5,1,1258,4663,26.9,A,3,D,1427,5147,27.7,A,1495,5165,28.9,A,public,,True
4223,39603,NEW RIVER COMMUNITY AND TECHNICAL COLLEGE                        ,WV,5,1,205,760,26.9,A,5,D,177,695,25.4,A,211,767,27.5,A,public,,True
2542,9231,WASHINGTON COUNTY COMMUNITY COLLEGE                              ,ME,5,1,37,138,26.8,A,5,D,38,123,30.8,A,37,107,34.5,A,public,,True
3417,23154,NORTHEAST TEXAS COMMUNITY COLLEGE                                ,TX,5,1,145,543,26.7,A,5,D,120,517,23.2,A,76,267,28.4,A,public,,True
2809,11197,MAYLAND COMMUNITY COLLEGE                                        ,NC,5,1,19,71,26.7,A,5,D,16,54,29.6,A,3,6,50.0,B,public,,True
644,1990,ASHLAND COMMUNITY AND TECHNICAL COLLEGE                          ,KY,5,1,270,1016,26.5,P,5,D,319,1100,29.0,P,293,1060,27.6,P,public,,True
1999,4838,GUILFORD TECHNICAL COMMUNITY COLLEGE                             ,NC,5,1,1049,3966,26.4,A,5,D,901,3591,25.0,A,616,2445,25.1,A,public,,True
2404,8083,HAYWOOD COMMUNITY COLLEGE                                        ,NC,5,1,50,190,26.3,A,5,D,25,100,25.0,A,4,13,30.7,B,public,,True
1280,2982,WESTERN PIEDMONT COMMUNITY COLLEGE                               ,NC,5,1,77,292,26.3,A,5,D,113,384,29.4,A,156,404,38.6,A,public,,True
2059,5271,SOUTHCENTRAL KENTUCKY COMMUNITY AND TECHNICAL COLLEGE            ,KY,5,1,303,1156,26.2,P,5,D,367,1284,28.5,P,354,1207,29.3,P,public,,True
2465,8557,NASH COMMUNITY COLLEGE                                           ,NC,5,1,108,411,26.2,A,5,D,71,305,23.2,A,16,67,23.8,A,public,,True
2002,4852,CLARK STATE COMMUNITY COLLEGE                                    ,OH,5,1,600,2287,26.2,A,5,D,494,2057,24.0,A,534,2108,25.3,A,public,,True
2425,8278,TERRA STATE COMMUNITY COLLEGE                                    ,OH,5,1,278,1060,26.2,A,5,D,339,1236,27.4,A,335,1190,28.1,A,public,,True
2713,10388,READING AREA COMMUNITY COLLEGE                                   ,PA,5,1,464,1788,25.9,P,5,D,439,1793,24.4,P,430,1670,25.7,P,public,,True
1944,4062,PITT COMMUNITY COLLEGE                                           ,NC,5,1,587,2274,25.8,A,5,D,424,1712,24.7,A,322,1360,23.6,A,public,,True
2393,7987,BLADEN COMMUNITY COLLEGE                                         ,NC,5,1,20,78,25.6,A,5,D,43,157,27.3,A,13,40,32.5,A,public,,True
821,2261,CHARLES STEWART MOTT COMMUNITY COLLEGE                           ,MI,5,1,958,3728,25.6,A,5,D,1058,4268,24.7,A,922,3707,24.8,A,public,,True
1938,4033,ASHEVILLE BUNCOMBE TECHNICAL COMMUNITY COLLEGE                   ,NC,5,1,274,1072,25.5,A,5,D,166,787,21.0,A,121,613,19.7,A,public,,True
2492,8855,EDGECOMBE COMMUNITY COLLEGE                                      ,NC,5,1,184,719,25.5,A,5,D,82,469,17.4,A,94,382,24.6,A,public,,True
4708,42534,CLOVIS COMMUNITY COLLEGE                                         ,CA,5,1,65,256,25.3,P,5,D,52,289,17.9,P,80,343,23.3,S,public,,True
649,1997,SOMERSET COMMUNITY COLLEGE                                       ,KY,5,1,548,2158,25.3,P,5,D,709,2677,26.4,P,694,2375,29.2,P,public,,True
2214,6799,CRAVEN COMMUNITY COLLEGE                                         ,NC,5,1,78,308,25.3,A,5,D,72,315,22.8,A,32,226,14.1,A,public,,True
2241,6962,HAZARD COMMUNITY AND TECHNICAL COLLEGE                           ,KY,5,1,177,699,25.3,P,5,D,216,757,28.5,P,209,657,31.8,P,public,,True
141,1209,HARTNELL COMMUNITY COLLEGE                                       ,CA,5,1,11,44,25.0,A,3,D,30,106,28.3,A,9,44,20.4,A,public,,True
1419,3222,UMPQUA COMMUNITY COLLEGE                                         ,OR,5,1,232,931,24.9,A,5,D,309,1213,25.4,A,342,1343,25.4,A,public,,True
2939,12870,SOUTHERN STATE COMMUNITY COLLEGE                                 ,OH,5,1,284,1144,24.8,A,5,D,273,1098,24.8,A,381,1338,28.4,A,public,,True
1395,3188,CENTRAL OREGON COMMUNITY COLLEGE                                 ,OR,5,1,610,2455,24.8,A,5,D,673,2659,25.3,A,680,2448,27.7,A,public,,True
2691,10182,ROGUE COMMUNITY COLLEGE                                          ,OR,5,1,313,1258,24.8,A,5,D,274,1167,23.4,A,250,1018,24.5,A,public,,True
639,1979,WEST KENTUCKY COMMUNITY AND TECHNICAL COLLEGE                    ,KY,5,1,279,1127,24.7,P,5,D,301,1132,26.5,P,229,998,22.9,P,public,,True
116,1176,WEST HILLS COMMUNITY COLLEGE                                     ,CA,5,1,45,182,24.7,P,3,D,37,158,23.4,P,49,168,29.1,P,public,,True
2427,8303,GATEWAY COMMUNITY COLLEGE                                        ,AZ,5,1,390,1578,24.7,A,5,D,346,1684,20.5,A,308,1690,18.2,A,public,,True
2353,7687,JAMES SPRUNT COMMUNITY COLLEGE                                   ,NC,5,1,84,341,24.6,A,5,D,76,265,28.6,A,47,183,25.6,A,public,,True
2109,5533,SAINT PAUL COLLEGE - A COMMUNITY & TECHNICAL COLLEGE             ,MN,5,1,671,2720,24.6,A,5,D,756,2818,26.8,A,666,2625,25.3,A,public,,True
552,1862,ELLSWORTH COMMUNITY COLLEGE                                      ,IA,5,1,101,410,24.6,A,5,D,103,438,23.5,A,105,444,23.6,A,public,,True
2523,9054,WEST VIRGINIA NORTHERN COMMUNITY COLLEGE                         ,WV,5,1,159,647,24.5,P,5,D,181,780,23.2,P,265,918,28.8,P,public,,True
834,2276,KELLOGG COMMUNITY COLLEGE                                        ,MI,5,1,493,2010,24.5,A,5,D,369,1722,21.4,A,327,1656,19.7,A,public,,True
4272,40414,MOUNTWEST COMMUNITY AND TECHNICAL COLLEGE                        ,WV,5,1,201,819,24.5,A,5,D,208,928,22.4,A,236,972,24.2,A,public,,True
2390,7950,WEST SHORE COMMUNITY COLLEGE                                     ,MI,5,1,58,236,24.5,A,5,D,43,213,20.1,A,41,179,22.9,A,public,,True
2001,4845,WILSON COMMUNITY COLLEGE                                         ,NC,5,1,47,192,24.4,A,5,D,22,115,19.1,A,4,30,13.3,A,public,,True
2239,6960,MAYSVILLE COMMUNITY AND TECHNICAL COLLEGE                        ,KY,5,1,226,925,24.4,P,5,D,344,1149,29.9,P,287,995,28.8,P,public,,True
3752,30345,OWENSBORO COMMUNITY & TECHNICAL COLLEGE                          ,KY,5,1,228,932,24.4,P,5,D,252,956,26.3,P,226,932,24.2,P,public,,True
2123,5697,NORTHWEST - SHOALS COMMUNITY COLLEGE                             ,AL,5,1,166,680,24.4,P,5,D,171,814,21.0,P,198,852,23.2,P,public,,True
2077,5320,CAPE FEAR COMMUNITY COLLEGE                                      ,NC,5,1,431,1766,24.4,A,5,D,367,1601,22.9,A,328,1473,22.2,A,public,,True
4420,41438,WOODLAND COMMUNITY COLLEGE                                       ,CA,5,1,20,82,24.3,B,5,D,19,63,30.1,B,12,32,37.5,A,public,,True
2127,5753,OWENS STATE COMMUNITY COLLEGE                                    ,OH,5,1,1371,5663,24.2,A,5,D,1380,6140,22.4,A,1841,6994,26.3,A,public,,True
823,2263,GLEN OAKS COMMUNITY COLLEGE                                      ,MI,5,1,71,293,24.2,A,5,D,82,402,20.3,A,55,280,19.6,A,public,,True
2651,9962,LUNA COMMUNITY COLLEGE                                           ,NM,5,1,32,132,24.2,A,5,D,34,134,25.3,A,23,93,24.7,A,public,,True
492,1779,ILLINOIS EASTERN COMMUNITY COLLEGES - WABASH VALLEY COLLEGE      ,IL,5,1,12,50,24.0,A,5,D,7,53,13.2,A,2,40,5.0,A,public,,True
2075,5317,FORSYTH TECHNICAL COMMUNITY COLLEGE                              ,NC,5,1,324,1347,24.0,P,5,D,234,938,24.9,P,33,174,18.9,P,public,,True
926,2417,MISSISSIPPI GULF COAST COMMUNITY COLLEGE                         ,MS,5,1,419,1747,23.9,P,5,D,380,1593,23.8,P,306,1249,24.4,P,public,,True
646,1993,HENDERSON COMMUNITY COLLEGE                                      ,KY,5,1,112,470,23.8,A,5,D,132,479,27.5,A,80,354,22.5,A,public,,True
2402,8080,STATE FAIR COMMUNITY COLLEGE                                     ,MO,5,1,354,1488,23.7,A,5,D,357,1485,24.0,A,344,1315,26.1,A,public,,True
1400,3196,LANE COMMUNITY COLLEGE                                           ,OR,5,1,1200,5058,23.7,A,5,D,1405,5595,25.1,A,1119,4536,24.6,A,public,,True
920,2409,ITAWAMBA COMMUNITY COLLEGE                                       ,MS,5,1,345,1455,23.7,A,5,D,392,2081,18.8,A,578,2474,23.3,A,public,,True
2706,10345,CINCINNATI STATE TECHNICAL & COMMUNITY COLLEGE                   ,OH,5,1,1180,4991,23.6,P,5,D,978,4878,20.0,P,1081,5217,20.7,P,public,,True
918,2407,HINDS COMMUNITY COLLEGE                                          ,MS,5,1,959,4057,23.6,P,2,D,1010,4267,23.6,P,1217,5120,23.7,P,public,,True
1281,2983,WILKES COMMUNITY COLLEGE                                         ,NC,5,1,61,258,23.6,A,5,D,66,256,25.7,A,56,216,25.9,A,public,,True
1415,3218,CHEMEKETA COMMUNITY COLLEGE                                      ,OR,5,1,972,4123,23.5,A,5,D,849,3828,22.1,A,712,3046,23.3,A,public,,True
1404,3204,MOUNT HOOD COMMUNITY COLLEGE                                     ,OR,5,1,757,3211,23.5,A,5,D,617,2815,21.9,A,430,2115,20.3,A,public,,True
2131,5760,NORTHERN MAINE COMMUNITY COLLEGE                                 ,ME,5,1,60,255,23.5,A,5,D,57,304,18.7,A,78,333,23.4,A,public,,True
919,2408,HOLMES COMMUNITY COLLEGE                                         ,MS,5,1,320,1369,23.3,A,5,D,263,1363,19.2,A,285,1465,19.4,A,public,,True
4007,34283,KLAMATH COMMUNITY COLLEGE                                        ,OR,5,1,130,556,23.3,A,5,D,178,679,26.2,A,220,773,28.4,A,public,,True
2343,7640,FAYETTEVILLE TECHNICAL COMMUNITY COLLEGE                         ,NC,5,1,525,2259,23.2,A,5,D,484,2222,21.7,A,393,1761,22.3,A,public,,True
2237,6949,KALAMAZOO VALLEY COMMUNITY COLLEGE                               ,MI,5,1,752,3234,23.2,A,5,D,1033,3778,27.3,A,749,3095,24.2,A,public,,True
2811,11220,WINDWARD COMMUNITY COLLEGE                                       ,HI,5,1,96,414,23.1,A,5,D,84,384,21.8,A,73,372,19.6,A,public,,True
333,1533,TALLAHASSEE COMMUNITY COLLEGE                                    ,FL,6,1,957,4126,23.1,A,5,D,1022,4334,23.5,A,924,3953,23.3,A,public,,True
2060,5273,GATEWAY COMMUNITY AND TECHNICAL COLLEGE                          ,KY,5,1,304,1313,23.1,P,5,D,474,1631,29.0,P,441,1522,28.9,P,public,,True
1347,3119,SINCLAIR COMMUNITY COLLEGE                                       ,OH,5,1,1458,6343,22.9,A,5,D,1394,6478,21.5,A,1787,7373,24.2,A,public,,True
1394,3186,BLUE MOUNTAIN COMMUNITY COLLEGE                                  ,OR,5,1,116,506,22.9,A,5,D,143,524,27.2,A,139,551,25.2,A,public,,True
41,1077,MESA COMMUNITY COLLEGE                                           ,AZ,5,1,1152,5033,22.8,A,5,D,1325,5447,24.3,A,1174,5105,22.9,A,public,,True
1930,3999,CLEVELAND STATE COMMUNITY COLLEGE                                ,TN,3,1,224,989,22.6,A,5,D,208,972,21.3,A,163,873,18.6,A,public,,True
2777,10879,RICHLAND COMMUNITY COLLEGE                                       ,IL,5,1,94,415,22.6,A,5,D,101,403,25.0,A,106,435,24.3,A,public,,True
3909,31563,ESTRELLA MOUNTAIN COMMUNITY COLLEGE                              ,AZ,5,1,380,1688,22.5,A,3,D,322,1705,18.8,A,310,1661,18.6,A,public,,True
1971,4598,IOWA WESTERN COMMUNITY COLLEGE                                   ,IA,5,1,538,2400,22.4,A,5,D,419,2191,19.1,A,458,2173,21.0,A,public,,True
2098,5448,DURHAM TECHNICAL COMMUNITY COLLEGE                               ,NC,5,1,150,667,22.4,A,5,D,93,474,19.6,A,19,97,19.5,A,public,,True
2886,12260,EAST ARKANSAS COMMUNITY COLLEGE                                  ,AR,5,1,21,94,22.3,A,5,D,23,94,24.4,A,27,96,28.1,A,public,,True
2557,9336,JOHNSTON COMMUNITY COLLEGE                                       ,NC,5,1,134,599,22.3,A,5,D,121,541,22.3,A,96,432,22.2,A,public,,True
1929,3998,CHATTANOOGA STATE COMMUNITY COLLEGE                              ,TN,5,1,839,3768,22.2,A,5,D,811,3729,21.7,A,748,3481,21.4,A,public,,True
542,1848,SOUTHEASTERN COMMUNITY COLLEGE                                   ,IA,5,1,188,845,22.2,P,5,D,172,809,21.2,P,206,917,22.4,P,public,,True
9,1015,ENTERPRISE STATE COMMUNITY COLLEGE                               ,AL,5,1,109,490,22.2,A,5,D,113,554,20.3,A,116,499,23.2,A,public,,True
917,2405,EAST MISSISSIPPI COMMUNITY COLLEGE                               ,MS,5,1,439,1972,22.2,A,5,D,453,2250,20.1,A,471,2252,20.9,A,public,,True
2985,20554,BOSSIER PARISH COMMUNITY COLLEGE                                 ,LA,5,1,573,2589,22.1,A,5,D,507,2220,22.8,A,363,1711,21.2,A,public,,True
3902,31291,FOND DU LAC TRIBAL & COMMUNITY COLLEGE                           ,MN,5,1,97,438,22.1,A,1,D,136,501,27.1,A,119,521,22.8,A,public,,True
65,1104,PHILLIPS COMMUNITY COLLEGE OF THE UNIVERSITY OF ARKANSAS         ,AR,5,1,13,59,22.0,A,5,D,21,74,28.3,A,15,88,17.0,A,public,,True
1993,4743,CLOVIS COMMUNITY COLLEGE                                         ,NM,5,1,50,227,22.0,A,5,D,44,210,20.9,A,48,240,20.0,A,public,,True
846,2297,MUSKEGON COMMUNITY COLLEGE                                       ,MI,5,1,165,747,22.0,A,5,D,172,794,21.6,A,127,691,18.3,A,public,,True
2599,9646,PIEDMONT COMMUNITY COLLEGE                                       ,NC,5,1,33,150,22.0,A,5,D,33,104,31.7,A,3,16,18.7,B,public,,True
1237,2919,DAVIDSON COUNTY COMMUNITY COLLEGE                                ,NC,5,1,173,787,21.9,A,5,D,141,656,21.4,A,88,436,20.1,A,public,,True
2644,9917,IVY TECH COMMUNITY COLLEGE OF INDIANA                            ,IN,5,1,7532,34392,21.9,P,5,D,9142,40497,22.5,P,8855,39271,22.5,P,public,,True
3195,21775,RIO SALADO COMMUNITY COLLEGE                                     ,AZ,5,1,1095,4991,21.9,A,5,D,1681,7473,22.4,A,2369,7899,29.9,A,public,,True
3013,20746,SOUTH ARKANSAS COMMUNITY COLLEGE                                 ,AR,5,1,106,483,21.9,P,5,D,102,451,22.6,P,80,412,19.4,P,public,,True
1794,3759,J SARGEANT REYNOLDS COMMUNITY COLLEGE                            ,VA,5,1,460,2108,21.8,P,5,D,423,2119,19.9,P,240,1458,16.4,P,public,,True
1195,2867,SUNY FULTON-MONTGOMERY COMMUNITY COLLEGE                         ,NY,5,1,196,900,21.7,A,5,D,193,868,22.2,A,164,807,20.3,A,public,,True
433,1681,HIGHLAND COMMUNITY COLLEGE                                       ,IL,5,1,64,294,21.7,A,5,D,66,312,21.1,A,58,298,19.4,A,public,,True
1396,3189,CLATSOP COMMUNITY COLLEGE                                        ,OR,5,1,61,280,21.7,A,5,D,59,270,21.8,A,40,274,14.5,A,public,,True
554,1865,IOWA CENTRAL COMMUNITY COLLEGE                                   ,IA,5,1,493,2281,21.6,P,5,D,463,2307,20.0,P,485,2183,22.2,P,public,,True
827,2267,GRAND RAPIDS COMMUNITY COLLEGE                                   ,MI,5,1,1258,5828,21.5,A,5,D,1314,5652,23.2,A,1399,5671,24.6,A,public,,True
391,1612,HONOLULU COMMUNITY COLLEGE                                       ,HI,5,1,79,367,21.5,A,5,D,52,290,17.9,A,21,151,13.9,A,public,,True
1978,4625,DELGADO COMMUNITY COLLEGE                                        ,LA,5,1,1372,6401,21.4,P,5,D,1166,5963,19.5,P,978,5322,18.3,P,public,,True
2028,4988,CENTRAL VIRGINIA COMMUNITY COLLEGE                               ,VA,5,1,36,168,21.4,A,5,D,29,149,19.4,A,9,57,15.7,A,public,,True
865,2328,WASHTENAW COMMUNITY COLLEGE                                      ,MI,5,1,667,3105,21.4,A,5,D,556,2995,18.5,A,653,3192,20.4,A,public,,True
2076,5318,CATAWBA VALLEY COMMUNITY COLLEGE                                 ,NC,5,1,91,425,21.4,A,5,D,101,452,22.3,A,90,373,24.1,A,public,,True
2101,5467,SOWELA TECHNICAL COMMUNITY COLLEGE                               ,LA,5,1,29,135,21.4,B,5,D,87,360,24.1,B,22,94,23.4,A,public,,True
1825,3793,SPOKANE COMMUNITY COLLEGE                                        ,WA,5,1,458,2147,21.3,P,5,D,462,2332,19.8,P,522,2406,21.6,P,public,,True
932,2430,PEARL RIVER COMMUNITY COLLEGE                                    ,MS,5,1,163,764,21.3,A,5,D,180,920,19.5,A,211,951,22.1,A,public,,True
104,1161,CERRITOS COMMUNITY COLLEGE                                       ,CA,5,1,140,655,21.3,A,3,D,109,575,18.9,A,83,484,17.1,A,public,,True
2583,9542,COMMUNITY COLLEGE OF DENVER                                      ,CO,6,1,859,4022,21.3,A,3,D,914,3929,23.2,A,1023,3660,27.9,A,public,,True
1199,2871,MOHAWK VALLEY COMMUNITY COLLEGE - SUNY OFFICE OF COMMUNITY COLLEG,NY,5,1,442,2074,21.3,A,5,D,419,2146,19.5,A,387,2071,18.6,A,public,,True
1417,3220,SOUTHWESTERN OREGON COMMUNITY COLLEGE                            ,OR,5,1,108,508,21.2,A,5,D,107,538,19.8,A,85,436,19.4,A,public,,True
2221,6835,DYERSBURG STATE COMMUNITY COLLEGE                                ,TN,5,1,155,730,21.2,A,5,D,150,772,19.4,A,186,795,23.3,A,public,,True
2354,7690,KANKAKEE COMMUNITY COLLEGE                                       ,IL,5,1,129,608,21.2,A,5,D,154,648,23.7,A,109,506,21.5,A,public,,True
3071,21077,TRUCKEE MEADOWS COMMUNITY COLLEGE                                ,NV,6,1,267,1261,21.1,A,5,D,369,1711,21.5,A,506,1997,25.3,A,public,,True
2050,5244,BLUEGRASS COMMUNITY & TECHNICAL COLLEGE                          ,KY,5,1,876,4133,21.1,P,5,D,1002,4459,22.4,P,1172,4869,24.0,P,public,,True
578,1901,ALLEN COUNTY COMMUNITY COLLEGE                                   ,KS,5,1,142,672,21.1,A,5,D,132,673,19.6,A,113,626,18.0,A,public,,True
4467,41519,COLUMBIA GORGE COMMUNITY COLLEGE                                 ,OR,5,1,44,209,21.0,A,5,D,52,242,21.4,A,25,79,31.6,A,public,,True
647,1994,HOPKINSVILLE COMMUNITY COLLEGE                                   ,KY,5,1,201,953,21.0,A,5,D,263,1143,23.0,A,165,807,20.4,A,public,,True
1190,2861,CAYUGA COMMUNITY COLLEGE - SUNY OFFICE OF COMMUNITY COLLEGE      ,NY,5,1,308,1464,21.0,A,5,D,315,1605,19.6,A,352,1519,23.1,A,public,,True
850,2303,OAKLAND COMMUNITY COLLEGE                                        ,MI,5,1,1180,5629,20.9,P,5,D,875,5124,17.0,P,745,4285,17.3,P,public,,True
930,2426,NORTHEAST MISSISSIPPI COMMUNITY COLLEGE                          ,MS,5,1,134,641,20.9,A,5,D,157,734,21.3,A,175,701,24.9,A,public,,True
645,1991,ELIZABETHTOWN COMMUNITY  AND TECHNICAL COLLEGE                   ,KY,5,1,386,1847,20.8,P,5,D,625,2428,25.7,P,590,2280,25.8,P,public,,True
1317,3040,CUYAHOGA COMMUNITY COLLEGE                                       ,OH,5,1,1331,6405,20.7,P,5,D,1241,6004,20.6,P,1196,5185,23.0,P,public,,True
2007,4878,CLACKAMAS COMMUNITY COLLEGE                                      ,OR,5,1,378,1826,20.7,A,5,D,365,1755,20.7,A,328,1544,21.2,A,public,,True
3360,22781,SANTA FE COMMUNITY COLLEGE                                       ,NM,5,1,128,617,20.7,A,3,D,146,596,24.4,A,143,596,23.9,A,public,,True
3173,21661,ELAINE P. NUNEZ COMMUNITY COLLEGE                                ,LA,5,1,103,499,20.6,P,5,D,31,148,20.9,P,23,177,12.9,P,public,,True
891,2362,MINNEAPOLIS COMMUNITY AND TECHNICAL COLLEGE                      ,MN,5,1,768,3715,20.6,P,5,D,787,3630,21.6,P,855,3967,21.5,P,public,,True
562,1875,MARSHALLTOWN COMMUNITY COLLEGE                                   ,IA,5,1,120,580,20.6,A,5,D,111,606,18.3,A,136,608,22.3,A,public,,True
2209,6785,SCHENECTADY COUNTY COMMUNITY COLLEGE                             ,NY,5,1,296,1441,20.5,A,5,D,255,1356,18.8,A,201,1054,19.0,A,public,,True
3774,30633,NORTHWEST ARKANSAS COMMUNITY COLLEGE                             ,AR,5,1,398,1937,20.5,A,5,D,355,1872,18.9,A,291,1617,17.9,A,public,,True
2585,9544,SPOKANE FALLS COMMUNITY COLLEGE                                  ,WA,6,1,292,1428,20.4,A,5,D,248,1468,16.8,A,307,1525,20.1,A,public,,True
40,1076,GLENDALE COMMUNITY COLLEGE                                       ,AZ,5,1,715,3495,20.4,A,5,D,695,3279,21.1,A,649,2943,22.0,A,public,,True
179,1269,RIO HONDO COMMUNITY COLLEGE                                      ,CA,6,1,34,166,20.4,A,3,D,37,220,16.8,A,43,240,17.9,A,public,,True
2444,8403,INDIAN HILLS COMMUNITY COLLEGE                                   ,IA,5,1,379,1865,20.3,P,5,D,444,1928,23.0,P,506,2053,24.6,P,public,,True
2517,9010,MADISONVILLE COMMUNITY COLLEGE                                   ,KY,5,1,154,762,20.2,P,5,D,150,714,21.0,P,120,649,18.4,P,public,,True
33,1060,COASTAL ALABAMA COMMUNITY COLLEGE                                ,AL,5,1,274,1363,20.1,P,5,D,256,1346,19.0,A,180,1107,16.2,A,public,,True
2240,6961,JEFFERSON COMMUNITY AND TECHNICAL COLLEGE                        ,KY,5,1,694,3446,20.1,P,5,D,1120,4364,25.6,P,887,3543,25.0,P,public,,True
2051,5245,UNIVERSITY OF ARKANSAS COMMUNITY COLLEGE AT MORRILTON            ,AR,5,1,115,572,20.1,A,5,D,99,529,18.7,A,84,497,16.9,A,public,,True
914,2402,COPIAH-LINCOLN COMMUNITY COLLEGE                                 ,MS,5,1,128,637,20.0,A,5,D,162,738,21.9,A,189,751,25.1,A,public,,True
2125,5732,UNIVERSITY OF ARKANSAS COMMUNITY COLLEGE AT HOPE                 ,AR,5,1,9,45,20.0,A,5,D,5,68,7.3,A,21,90,23.3,A,public,,True
3085,21163,PUEBLO COMMUNITY COLLEGE                                         ,CO,6,1,400,2009,19.9,P,3,D,474,2178,21.7,P,388,1984,19.5,P,public,,True
2034,5006,WALLA WALLA COMMUNITY COLLEGE                                    ,WA,5,1,138,696,19.8,A,5,D,104,664,15.6,A,143,703,20.3,A,public,,True
2375,7871,GEORGE C. WALLACE STATE COMMUNITY COLLEGE                        ,AL,5,1,326,1660,19.6,A,5,D,316,1670,18.9,A,326,1744,18.6,A,public,,True
3692,26236,PARADISE VALLEY COMMUNITY COLLEGE                                ,AZ,5,1,249,1266,19.6,A,5,D,222,1332,16.6,A,206,1132,18.1,A,public,,True
2294,7316,WESTERN IOWA TECH COMMUNITY COLLEGE                              ,IA,5,1,311,1581,19.6,A,5,D,305,1641,18.5,A,336,1636,20.5,A,public,,True
807,2237,ALPENA COMMUNITY COLLEGE                                         ,MI,6,1,88,450,19.5,A,5,D,128,525,24.3,A,105,488,21.5,A,public,,True
702,2074,HAGERSTOWN COMMUNITY COLLEGE                                     ,MD,5,1,239,1225,19.5,A,5,D,170,1049,16.2,A,149,913,16.3,A,public,,True
1412,3213,PORTLAND COMMUNITY COLLEGE                                       ,OR,5,1,2134,10891,19.5,A,5,D,1927,10201,18.8,A,1400,8097,17.2,A,public,,True
1804,3770,BIG BEND COMMUNITY COLLEGE                                       ,WA,5,1,76,388,19.5,A,5,D,72,371,19.4,A,86,382,22.5,A,public,,True
1233,2915,CENTRAL PIEDMONT COMMUNITY COLLEGE                               ,NC,5,1,353,1803,19.5,A,5,D,225,1110,20.2,A,37,172,21.5,A,public,,True
2220,6819,BLUE RIDGE COMMUNITY COLLEGE                                     ,VA,5,1,125,639,19.5,A,5,D,119,609,19.5,A,100,517,19.3,A,public,,True
967,2491,MOBERLY AREA COMMUNITY COLLEGE                                   ,MO,5,1,246,1260,19.5,A,5,D,214,1245,17.1,A,193,1160,16.6,A,public,,True
596,1921,HIGHLAND COMMUNITY COLLEGE                                       ,KS,5,1,145,750,19.3,P,5,D,150,829,18.0,P,159,979,16.2,P,public,,True
2100,5461,SALEM COMMUNITY COLLEGE                                          ,NJ,5,1,38,196,19.3,A,5,D,28,190,14.7,A,18,169,10.6,A,public,,True
885,2355,HIBBING COMMUNITY COLLEGE                                        ,MN,5,1,118,611,19.3,A,5,D,115,560,20.5,A,162,660,24.5,A,public,,True
2281,7266,PIMA COUNTY COMMUNITY COLLEGE                                    ,AZ,5,1,780,4037,19.3,A,3,D,934,4452,20.9,A,1023,4799,21.3,A,public,,True
19,1031,NORTHEAST ALABAMA COMMUNITY COLLEGE                              ,AL,5,1,80,414,19.3,A,5,D,67,419,15.9,A,92,396,23.2,A,public,,True
2428,8304,SCOTTSDALE COMMUNITY COLLEGE                                     ,AZ,5,1,302,1574,19.1,A,5,D,313,1699,18.4,A,251,1535,16.3,A,public,,True
2111,5535,PINE TECHNICAL AND COMMUNITY COLLEGE                             ,MN,5,1,67,349,19.1,A,5,D,61,372,16.3,A,57,359,15.8,A,public,,True
548,1857,SOUTHWESTERN COMMUNITY COLLEGE                                   ,IA,5,1,96,501,19.1,A,5,D,88,514,17.1,A,126,622,20.2,A,public,,True
923,2413,MERIDIAN COMMUNITY COLLEGE                                       ,MS,5,1,118,621,19.0,A,5,D,148,790,18.7,A,189,852,22.1,A,public,,True
2723,10453,WASHINGTON STATE COMMUNITY COLLEGE                               ,OH,5,1,79,415,19.0,A,5,D,100,514,19.4,A,113,556,20.3,A,public,,True
3809,30830,OZARKS TECHNICAL COMMUNITY COLLEGE                               ,MO,5,1,829,4353,19.0,A,5,D,954,4176,22.8,A,781,3692,21.1,A,public,,True
1192,2863,CORNING COMMUNITY COLLEGE - SUNY OFFICE OF COMMUNITY COLLEGES    ,NY,5,1,254,1331,19.0,A,5,D,246,1353,18.1,A,342,1561,21.9,A,public,,True
844,2294,MONROE COUNTY COMMUNITY COLLEGE                                  ,MI,5,1,131,691,18.9,A,5,D,117,673,17.3,A,102,568,17.9,A,public,,True
8,1013,CALHOUN COMMUNITY COLLEGE                                        ,AL,5,1,430,2264,18.9,P,5,D,357,2107,16.9,P,325,1770,18.3,P,public,,True
1795,3760,VIRGINIA WESTERN COMMUNITY COLLEGE                               ,VA,5,1,167,883,18.9,A,5,D,155,879,17.6,A,137,796,17.2,A,public,,True
2000,4844,WAKE TECHNICAL COMMUNITY COLLEGE                                 ,NC,5,1,776,4093,18.9,A,5,D,525,3330,15.7,A,280,2033,13.7,A,public,,True
2333,7582,AIMS COMMUNITY COLLEGE                                           ,CO,5,1,244,1286,18.9,A,5,D,286,1412,20.2,A,180,1096,16.4,A,public,,True
1371,3156,REDLANDS COMMUNITY COLLEGE                                       ,OK,5,1,86,455,18.9,A,5,D,71,448,15.8,A,118,499,23.6,A,public,,True
1793,3758,DANVILLE COMMUNITY COLLEGE                                       ,VA,5,1,49,260,18.8,A,5,D,39,268,14.5,A,27,169,15.9,A,public,,True
2808,11167,COMMUNITY COLLEGE OF VERMONT                                     ,VT,5,1,273,1450,18.8,A,5,D,289,1469,19.6,A,303,1479,20.4,A,public,,True
759,2167,BERKSHIRE COMMUNITY COLLEGE                                      ,MA,5,1,101,535,18.8,A,5,D,92,490,18.7,A,79,473,16.7,A,public,,True
2541,9230,WAYNE COUNTY COMMUNITY COLLEGE DISTRICT                          ,MI,5,1,912,4869,18.7,A,5,D,586,4285,13.6,A,1243,5995,20.7,A,public,,True
961,2484,METROPOLITAN COMMUNITY COLLEGE                                   ,MO,5,1,408,2172,18.7,P,5,D,472,2257,20.9,P,495,2709,18.2,P,public,,True
1895,3933,WESTERN WYOMING COMMUNITY COLLEGE                                ,WY,5,1,75,401,18.7,A,5,D,76,421,18.0,A,82,409,20.0,A,public,,True
1948,4075,EASTERN IOWA COMMUNITY COLLEGE DISTRICT                          ,IA,5,1,350,1877,18.6,P,5,D,407,2169,18.7,P,487,2290,21.2,P,public,,True
1207,2879,SULLIVAN COUNTY COMMUNITY COLLEGE - SUNY OFFICE OF COMMUNITY COLL,NY,5,1,84,451,18.6,A,5,D,82,463,17.7,A,63,419,15.0,A,public,,True
23,1040,SOUTHERN UNION STATE COMMUNITY COLLEGE                           ,AL,5,1,189,1016,18.6,P,5,D,159,928,17.1,P,158,914,17.2,P,public,,True
1329,3068,LORAIN COUNTY COMMUNITY COLLEGE                                  ,OH,5,1,380,2040,18.6,A,5,D,380,2093,18.1,A,417,2241,18.6,A,public,,True
2204,6768,MID MICHIGAN COMMUNITY COLLEGE                                   ,MI,5,1,283,1515,18.6,A,5,D,365,1726,21.1,A,280,1631,17.1,A,public,,True
4126,37303,BATON ROUGE COMMUNITY COLLEGE                                    ,LA,5,1,407,2190,18.5,P,5,D,355,1731,20.5,A,276,1181,23.3,A,public,,True
1765,3712,TIDEWATER COMMUNITY COLLEGE                                      ,VA,5,1,1028,5534,18.5,A,5,D,854,5670,15.0,A,639,4816,13.2,A,public,,True
2264,7120,DES MOINES AREA COMMUNITY COLLEGE                                ,IA,5,1,1040,5617,18.5,P,5,D,1462,7084,20.6,P,1761,6820,25.8,P,public,,True
1668,3590,MCLENNAN COMMUNITY COLLEGE                                       ,TX,5,1,540,2906,18.5,A,5,D,564,3098,18.2,A,688,3362,20.4,A,public,,True
2234,6938,LINN-BENTON COMMUNITY COLLEGE                                    ,OR,5,1,295,1600,18.4,A,5,D,348,1963,17.7,A,366,1917,19.0,A,public,,True
1203,2875,ONONDAGA COMMUNITY COLLEGE                                       ,NY,5,1,521,2824,18.4,A,5,D,430,2881,14.9,A,363,2564,14.1,A,public,,True
1440,3249,COMMUNITY COLLEGE OF PHILADELPHIA                                ,PA,5,1,1146,6212,18.4,A,5,D,1010,6200,16.2,A,932,5318,17.5,A,public,,True
1654,3572,TRINITY VALLEY COMMUNITY COLLEGE                                 ,TX,5,1,234,1268,18.4,A,5,D,276,1199,23.0,A,223,948,23.5,A,public,,True
1926,3994,SPARTANBURG COMMUNITY COLLEGE                                    ,SC,5,1,131,710,18.4,A,5,D,153,765,20.0,A,136,740,18.3,A,public,,True
931,2427,NORTHWEST MISSISSIPPI COMMUNITY COLLEGE                          ,MS,5,1,276,1503,18.3,A,5,D,272,1657,16.4,A,316,1515,20.8,A,public,,True
2934,12813,JOHN WOOD COMMUNITY COLLEGE                                      ,IL,5,1,102,557,18.3,A,5,D,101,552,18.2,A,86,582,14.7,A,public,,True
1012,2557,MID-PLAINS COMMUNITY COLLEGE                                     ,NE,5,1,92,501,18.3,P,5,D,85,499,17.0,P,83,445,18.6,P,public,,True
2929,12750,EDISON STATE COMMUNITY COLLEGE                                   ,OH,5,1,111,607,18.2,A,5,D,130,649,20.0,A,134,678,19.7,A,public,,True
2228,6867,COLUMBUS STATE COMMUNITY COLLEGE                                 ,OH,5,1,1692,9287,18.2,A,5,D,2216,11464,19.3,A,2627,12290,21.3,A,public,,True
1836,3805,YAKIMA VALLEY COMMUNITY COLLEGE                                  ,WA,6,1,157,858,18.2,A,3,D,150,843,17.7,A,113,801,14.1,A,public,,True
1827,3796,TACOMA COMMUNITY COLLEGE                                         ,WA,6,1,287,1584,18.1,A,5,D,241,1515,15.9,A,212,1271,16.6,A,public,,True
4652,41949,TILLAMOOK BAY COMMUNITY COLLEGE                                  ,OR,5,1,8,44,18.1,A,5,D,2587,15272,16.9,B,2159,11949,18.0,B,public,,True
2480,8659,LORD FAIRFAX COMMUNITY COLLEGE                                   ,VA,5,1,78,429,18.1,A,5,D,56,323,17.3,A,10,57,17.5,A,public,,True
824,2264,GOGEBIC COMMUNITY COLLEGE                                        ,MI,5,1,57,315,18.0,A,5,D,37,278,13.3,A,33,307,10.7,A,public,,True
2259,7111,NORTH COUNTRY COMMUNITY COLLEGE                                  ,NY,5,1,91,505,18.0,A,5,D,105,545,19.2,A,104,514,20.2,A,public,,True
2062,5277,EASTERN MAINE COMMUNITY COLLEGE                                  ,ME,5,1,137,757,18.0,A,5,D,132,693,19.0,A,83,611,13.5,A,public,,True
2061,5276,CENTRAL MAINE COMMUNITY COLLEGE                                  ,ME,5,1,154,852,18.0,A,5,D,143,829,17.2,A,161,851,18.9,A,public,,True
3842,31004,COCONINO COUNTY COMMUNITY COLLEGE                                ,AZ,5,1,89,492,18.0,A,5,D,100,582,17.1,A,113,503,22.4,A,public,,True
3887,31229,YORK COUNTY COMMUNITY COLLEGE                                    ,ME,5,1,66,365,18.0,A,5,D,44,332,13.2,A,42,285,14.7,A,public,,True
1200,2872,MONROE COMMUNITY COLLEGE                                         ,NY,5,1,922,5103,18.0,A,5,D,794,5069,15.6,A,870,5106,17.0,A,public,,True
583,1906,BUTLER COUNTY COMMUNITY COLLEGE                                  ,KS,5,1,402,2244,17.9,A,5,D,359,2296,15.6,A,256,1974,12.9,A,public,,True
2269,7170,LINCOLN LAND COMMUNITY COLLEGE                                   ,IL,5,1,163,907,17.9,A,5,D,115,848,13.5,A,154,931,16.5,A,public,,True
2927,12693,PELLISSIPPI STATE COMMUNITY COLLEGE                              ,TN,5,1,391,2194,17.8,A,5,D,318,1985,16.0,A,406,2202,18.4,A,public,,True
762,2170,HOLYOKE COMMUNITY COLLEGE                                        ,MA,5,1,233,1305,17.8,A,5,D,168,1258,13.3,A,142,1082,13.1,A,public,,True
1954,4480,DE ANZA COMMUNITY COLLEGE                                        ,CA,5,1,154,861,17.8,A,5,D,159,804,19.7,A,122,664,18.3,A,public,,True
1034,2596,ATLANTIC CAPE COMMUNITY COLLEGE                                  ,NJ,5,1,154,862,17.8,A,5,D,121,864,14.0,A,132,932,14.1,A,public,,True
2409,8145,NASHVILLE STATE COMMUNITY COLLEGE                                ,TN,5,1,457,2574,17.7,A,5,D,483,2582,18.7,A,446,2282,19.5,A,public,,True
2396,8038,MIDDLESEX COMMUNITY COLLEGE                                      ,CT,5,1,21,118,17.7,A,5,D,18,95,18.9,A,13,127,10.2,A,public,,True
1455,3273,HARRISBURG AREA COMMUNITY COLLEGE                                ,PA,5,1,1350,7617,17.7,A,5,D,1159,7392,15.6,A,1148,7102,16.1,A,public,,True
1014,2560,WESTERN NEBRASKA COMMUNITY COLLEGE                               ,NE,5,1,58,327,17.7,P,5,D,72,388,18.5,P,76,437,17.3,P,public,,True
1189,2860,ADIRONDACK COMMUNITY COLLEGE - SUNY OFFICE OF COMMUNITY COLLEGES ,NY,5,1,169,954,17.7,A,5,D,129,840,15.3,A,101,786,12.8,A,public,,True
836,2278,LANSING COMMUNITY COLLEGE                                        ,MI,5,1,906,5144,17.6,A,5,D,1202,6064,19.8,A,1591,6383,24.9,A,public,,True
2049,5223,NEW RIVER COMMUNITY COLLEGE                                      ,VA,5,1,108,617,17.5,P,5,D,140,682,20.5,P,119,612,19.4,P,public,,True
2854,11864,MOHAVE COMMUNITY COLLEGE                                         ,AZ,5,1,152,869,17.4,A,5,D,180,998,18.0,A,253,1110,22.7,A,public,,True
2714,10391,OKLAHOMA CITY COMMUNITY COLLEGE                                  ,OK,5,1,425,2431,17.4,A,5,D,456,2794,16.3,A,598,2875,20.8,A,public,,True
588,1913,DODGE CITY COMMUNITY COLLEGE                                     ,KS,5,1,34,195,17.4,A,5,D,20,171,11.6,A,32,203,15.7,A,public,,True
3794,30722,CHANDLER - GILBERT COMMUNITY COLLEGE                             ,AZ,5,1,304,1752,17.3,A,5,D,298,1838,16.2,A,281,1676,16.7,A,public,,True
810,2240,BAY DE NOC COMMUNITY COLLEGE                                     ,MI,5,1,96,554,17.3,A,5,D,116,564,20.5,A,130,543,23.9,A,public,,True
2484,8677,NORTHWEST STATE COMMUNITY COLLEGE                                ,OH,5,1,185,1064,17.3,A,5,D,196,1076,18.2,A,195,1146,17.0,A,public,,True
2211,6788,TOMPKINS CORTLAND COMMUNITY COLLEGE                              ,NY,5,1,225,1308,17.2,A,5,D,246,1422,17.2,A,226,1419,15.9,A,public,,True
2030,4996,DABNEY S LANCASTER COMMUNITY COLLEGE                             ,VA,5,1,26,152,17.1,A,5,D,19,153,12.4,A,21,159,13.2,A,public,,True
2210,6787,CLINTON COMMUNITY COLLEGE - SUNY OFFICE OF COMMUNITY COLLEGES    ,NY,5,1,98,575,17.0,A,5,D,106,578,18.3,A,107,710,15.0,A,public,,True
2879,12182,CHATTAHOOCHEE VALLEY COMMUNITY COLLEGE                           ,AL,5,1,52,305,17.0,A,5,D,29,182,15.9,A,12,109,11.0,A,public,,True
2645,9928,PIEDMONT VIRGINIA COMMUNITY COLLEGE                              ,VA,5,1,84,493,17.0,A,5,D,87,482,18.0,A,72,420,17.1,A,public,,True
109,1166,CITRUS COMMUNITY COLLEGE                                         ,CA,5,1,53,310,17.0,A,3,D,38,270,14.0,A,53,315,16.8,A,public,,True
393,1614,KAUAI COMMUNITY COLLEGE                                          ,HI,5,1,29,170,17.0,A,5,D,35,132,26.5,A,28,108,25.9,A,public,,True
1197,2869,JAMESTOWN COMMUNITY COLLEGE                                      ,NY,5,1,160,936,17.0,A,5,D,170,1006,16.8,A,169,1003,16.8,A,public,,True
1796,3761,WYTHEVILLE COMMUNITY COLLEGE                                     ,VA,5,1,22,130,16.9,A,5,D,12,98,12.2,A,6,71,8.4,A,public,,True
3356,22769,COMMUNITY COLLEGE OF AURORA                                      ,CO,5,1,349,2061,16.9,A,5,D,273,1813,15.0,A,173,1465,11.8,A,public,,True
1191,2862,SUNY BROOME COMMUNITY COLLEGE                                    ,NY,5,1,308,1812,16.9,A,5,D,311,1738,17.8,A,282,1635,17.2,A,public,,True
2086,5378,NORTHEAST STATE COMMUNITY COLLEGE                                ,TN,5,1,174,1029,16.9,A,5,D,240,1138,21.0,A,272,1247,21.8,A,public,,True
2653,9981,MORGAN COMMUNITY COLLEGE                                         ,CO,5,1,45,267,16.8,A,5,D,44,315,13.9,A,44,294,14.9,A,public,,True
1595,3483,COLUMBIA STATE COMMUNITY COLLEGE                                 ,TN,5,1,158,939,16.8,A,5,D,98,742,13.2,A,118,771,15.3,A,public,,True
2629,9826,KENNEBEC VALLEY COMMUNITY COLLEGE                                ,ME,5,1,84,498,16.8,A,5,D,80,479,16.7,A,66,436,15.1,A,public,,True
2323,7532,FINGER LAKES COMMUNITY COLLEGE - SUNY OFFICE OF COMMUNITY COLLEGE,NY,5,1,313,1861,16.8,A,5,D,337,1958,17.2,A,291,1655,17.5,A,public,,True
2270,7171,KIRTLAND COMMUNITY COLLEGE                                       ,MI,5,1,71,425,16.7,A,5,D,79,449,17.5,A,61,426,14.3,A,public,,True
2273,7191,NORTHAMPTON COUNTY AREA COMMUNITY COLLEGE                        ,PA,5,1,300,1790,16.7,A,5,D,241,1659,14.5,A,207,1577,13.1,A,public,,True
710,2089,PRINCE GEORGE'S COMMUNITY COLLEGE                                ,MD,5,1,393,2353,16.7,P,5,D,321,2163,14.8,P,246,1691,14.5,P,public,,True
2212,6789,COLUMBIA - GREENE COMMUNITY COLLEGE - SUNY OFFICE OF CMNTY COLLEG,NY,5,1,63,377,16.7,A,5,D,47,383,12.2,A,52,379,13.7,A,public,,True
2951,12954,HUDSON COUNTY COMMUNITY COLLEGE                                  ,NJ,5,1,121,721,16.7,A,3,D,101,727,13.8,A,92,571,16.1,A,public,,True
2229,6871,THOMAS NELSON COMMUNITY COLLEGE                                  ,VA,5,1,331,1984,16.6,A,5,D,277,1785,15.5,A,186,1497,12.4,A,public,,True
2606,9684,BLUE RIDGE COMMUNITY COLLEGE                                     ,NC,5,1,28,168,16.6,A,5,D,42,174,24.1,A,22,104,21.1,A,public,,True
2842,11727,DELAWARE TECHNICAL COMMUNITY COLLEGE                             ,DE,6,1,294,1778,16.5,P,5,D,255,1783,14.3,P,53,426,12.4,A,public,,True
1193,2864,DUTCHESS COMMUNITY COLLEGE                                       ,NY,5,1,237,1430,16.5,A,5,D,205,1336,15.3,A,195,1234,15.8,A,public,,True
3920,31804,PENNSYLVANIA HIGHLANDS COMMUNITY COLLEGE                         ,PA,5,1,80,483,16.5,A,5,D,90,471,19.1,A,75,480,15.6,A,public,,True
2548,9259,LARAMIE COUNTY COMMUNITY COLLEGE                                 ,WY,5,1,106,640,16.5,A,5,D,102,714,14.2,A,113,619,18.2,A,public,,True
1538,3408,COMMUNITY COLLEGE OF RHODE ISLAND                                ,RI,5,1,448,2707,16.5,P,5,D,314,2445,12.8,P,220,1845,11.9,P,public,,True
563,1877,NORTH IOWA AREA COMMUNITY COLLEGE                                ,IA,5,1,155,936,16.5,A,5,D,187,1018,18.3,A,213,1049,20.3,A,public,,True
2055,5263,MINNESOTA WEST COMMUNITY AND TECHNICAL COLLEGE                   ,MN,5,1,144,877,16.4,P,5,D,142,961,14.7,P,145,986,14.7,P,public,,True
2643,9914,ROANE STATE COMMUNITY COLLEGE                                    ,TN,5,1,168,1019,16.4,A,5,D,187,1060,17.6,A,131,888,14.7,A,public,,True
764,2172,MOUNT WACHUSETT COMMUNITY COLLEGE                                ,MA,5,1,172,1047,16.4,A,5,D,143,1118,12.7,A,93,858,10.8,A,public,,True
2921,12586,METROPOLITAN COMMUNITY COLLEGE                                   ,NE,5,1,384,2350,16.3,A,5,D,453,2698,16.7,A,531,2933,18.1,A,public,,True
1208,2880,ULSTER COUNTY COMMUNITY COLLEGE                                  ,NY,5,1,79,482,16.3,A,5,D,102,492,20.7,A,68,477,14.2,A,public,,True
2374,7870,HILLSBOROUGH COMMUNITY COLLEGE                                   ,FL,5,1,842,5190,16.2,A,5,D,677,4378,15.4,A,521,3399,15.3,A,public,,True
1952,4452,MONTGOMERY COUNTY COMMUNITY COLLEGE                              ,PA,5,1,417,2564,16.2,P,5,D,392,2419,16.2,P,290,2276,12.7,P,public,,True
591,1916,FORT SCOTT COMMUNITY COLLEGE                                     ,KS,5,1,99,610,16.2,A,5,D,81,567,14.2,A,77,521,14.7,A,public,,True
2033,5001,EDMONDS COMMUNITY COLLEGE                                        ,WA,6,1,149,919,16.2,A,5,D,122,873,13.9,A,147,938,15.6,A,public,,True
761,2169,GREENFIELD COMMUNITY COLLEGE                                     ,MA,5,1,74,455,16.2,A,5,D,69,440,15.6,A,68,440,15.4,A,public,,True
2481,8660,GERMANNA COMMUNITY COLLEGE                                       ,VA,5,1,75,462,16.2,A,5,D,59,305,19.3,A,14,122,11.4,A,public,,True
2217,6810,LEHIGH CARBON COMMUNITY COLLEGE                                  ,PA,5,1,238,1474,16.1,A,5,D,214,1416,15.1,A,198,1449,13.6,A,public,,True
2215,6804,LAKELAND COMMUNITY COLLEGE                                       ,OH,5,1,352,2186,16.1,A,5,D,435,2441,17.8,A,405,2197,18.4,A,public,,True
1969,4587,NORTHEAST IOWA COMMUNITY COLLEGE                                 ,IA,5,1,234,1445,16.1,A,5,D,226,1437,15.7,A,293,1601,18.3,A,public,,True
694,2063,COMMUNITY COLLEGE OF BALTIMORE COUNTY                            ,MD,5,1,535,3333,16.0,P,5,D,530,3398,15.5,P,470,3031,15.5,P,public,,True
1427,3231,COMMUNITY COLLEGE OF ALLEGHENY COUNTY                            ,PA,5,1,546,3426,15.9,P,5,D,577,3549,16.2,P,505,3352,15.0,P,public,,True
886,2356,ITASCA COMMUNITY COLLEGE                                         ,MN,5,1,73,459,15.9,A,5,D,79,454,17.4,A,87,487,17.8,A,public,,True
845,2295,MONTCALM COMMUNITY COLLEGE                                       ,MI,5,1,69,435,15.8,A,5,D,66,427,15.4,A,62,447,13.8,A,public,,True
1970,4595,HAWKEYE COMMUNITY COLLEGE                                        ,IA,5,1,365,2310,15.8,P,5,D,375,2361,15.8,P,467,2584,18.0,P,public,,True
1964,4549,LEEWARD COMMUNITY COLLEGE                                        ,HI,5,1,50,318,15.7,A,5,D,49,276,17.7,A,39,267,14.6,A,public,,True
1202,2874,NIAGARA COUNTY COMMUNITY COLLEGE                                 ,NY,5,1,234,1490,15.7,A,5,D,245,1543,15.8,A,225,1594,14.1,A,public,,True
2504,8896,PIKES PEAK COMMUNITY COLLEGE                                     ,CO,5,1,490,3140,15.6,A,5,D,693,3840,18.0,A,617,3408,18.1,A,public,,True
871,2335,RIVERLAND COMMUNITY COLLEGE                                      ,MN,5,1,149,954,15.6,P,5,D,171,999,17.1,P,174,938,18.5,P,public,,True
2642,9912,VOLUNTEER STATE COMMUNITY COLLEGE                                ,TN,5,1,240,1534,15.6,A,5,D,237,1531,15.4,A,250,1580,15.8,A,public,,True
895,2370,NORTH HENNEPIN COMMUNITY COLLEGE                                 ,MN,5,1,369,2361,15.6,A,5,D,346,2399,14.4,A,295,2209,13.3,A,public,,True
2218,6811,LUZERNE COUNTY COMMUNITY COLLEGE                                 ,PA,5,1,206,1328,15.5,A,5,D,151,1200,12.5,A,147,1235,11.9,A,public,,True
479,1752,SAUK VALLEY COMMUNITY COLLEGE                                    ,IL,5,1,41,263,15.5,A,5,D,38,250,15.2,A,43,305,14.0,A,public,,True
2753,10684,ERIE COMMUNITY COLLEGE                                           ,NY,5,1,522,3380,15.4,P,5,D,544,3609,15.0,P,584,3597,16.2,P,public,,True
853,2310,ST. CLAIR COUNTY COMMUNITY COLLEGE                               ,MI,5,1,134,866,15.4,A,5,D,178,934,19.0,A,155,973,15.9,A,public,,True
553,1864,IOWA LAKES COMMUNITY COLLEGE                                     ,IA,5,1,144,933,15.4,P,5,D,149,964,15.4,P,198,1098,18.0,P,public,,True
2420,8244,JOHNSON COUNTY COMMUNITY COLLEGE                                 ,KS,5,1,478,3088,15.4,A,5,D,457,3450,13.2,A,504,3217,15.6,A,public,,True
2662,10020,LEWIS AND CLARK COMMUNITY COLLEGE                                ,IL,5,1,95,620,15.3,A,5,D,75,611,12.2,A,59,588,10.0,A,public,,True
2395,8037,GATEWAY COMMUNITY COLLEGE                                        ,CT,5,1,45,294,15.3,P,5,D,32,286,11.1,P,23,286,8.0,P,public,,True
2258,7110,DELAWARE COUNTY COMMUNITY COLLEGE                                ,PA,5,1,467,3034,15.3,A,5,D,379,2719,13.9,A,298,2176,13.6,A,public,,True
2342,7635,CAPITAL COMMUNITY COLLEGE                                        ,CT,5,1,29,189,15.3,P,5,D,18,140,12.8,P,10,125,8.0,P,public,,True
2107,5525,SOUTHERN MAINE COMMUNITY COLLEGE                                 ,ME,5,1,331,2152,15.3,A,5,D,319,2050,15.5,A,292,1891,15.4,A,public,,True
1949,4076,KIRKWOOD COMMUNITY COLLEGE                                       ,IA,5,1,793,5205,15.2,A,5,D,878,5612,15.6,A,1114,6018,18.5,A,public,,True
427,1669,DANVILLE AREA COMMUNITY COLLEGE                                  ,IL,5,1,44,291,15.1,A,5,D,57,317,17.9,A,53,319,16.6,A,public,,True
2996,20635,COASTLINE COMMUNITY COLLEGE                                      ,CA,5,1,60,396,15.1,A,5,D,68,432,15.7,A,33,310,10.6,A,public,,True
2084,5372,SOUTH PUGET SOUND COMMUNITY COLLEGE                              ,WA,5,1,90,596,15.1,A,5,D,89,552,16.1,A,105,592,17.7,A,public,,True
1204,2876,ORANGE COUNTY COMMUNITY COLLEGE                                  ,NY,5,1,161,1065,15.1,A,5,D,146,1071,13.6,A,127,944,13.4,A,public,,True
3499,23614,COLLIN COUNTY COMMUNITY COLLEGE                                  ,TX,5,1,608,4015,15.1,A,5,D,521,3462,15.0,A,426,2830,15.0,A,public,,True
1996,4788,HERKIMER COUNTY COMMUNITY COLLEGE - SUNY OFFICE OF COMMUNITY COLL,NY,5,1,180,1197,15.0,A,5,D,177,1325,13.3,A,182,1421,12.8,A,public,,True
2113,5541,MINNESOTA STATE COMMUNITY AND TECHNICAL COLLEGE                  ,MN,5,1,419,2779,15.0,P,5,D,402,2965,13.5,P,443,3117,14.2,P,public,,True
2690,10176,WESTMORELAND COUNTY COMMUNITY COLLEGE                            ,PA,5,1,225,1495,15.0,A,5,D,193,1333,14.4,A,209,1336,15.6,A,public,,True
2066,5291,WHITE MOUNTAINS COMMUNITY COLLEGE                                ,NH,5,1,115,764,15.0,P,5,D,111,831,13.3,P,89,753,11.8,P,public,,True
106,1163,CHAFFEY COMMUNITY COLLEGE                                        ,CA,5,1,12,80,15.0,A,3,D,13,122,10.6,A,22,215,10.2,A,public,,True
2328,7555,LAKES REGION COMMUNITY COLLEGE                                   ,NH,5,1,68,451,15.0,A,5,D,57,450,12.6,A,47,406,11.5,A,public,,True
2709,10364,WHATCOM COMMUNITY COLLEGE                                        ,WA,6,1,93,621,14.9,A,5,D,105,649,16.1,A,89,635,14.0,A,public,,True
392,1613,KAPIOLANI COMMUNITY COLLEGE                                      ,HI,5,1,97,649,14.9,A,5,D,64,554,11.5,A,54,455,11.8,A,public,,True
3050,20995,CENTRAL COMMUNITY COLLEGE                                        ,NE,5,1,166,1113,14.9,A,5,D,172,1184,14.5,A,159,1184,13.4,A,public,,True
1089,2691,CUNY BOROUGH OF MANHATTAN COMMUNITY COLLEGE                      ,NY,5,1,269,1803,14.9,A,3,D,178,1644,10.8,A,228,1781,12.8,A,public,,True
1991,4740,MERCER COUNTY COMMUNITY COLLEGE                                  ,NJ,5,1,115,767,14.9,A,5,D,148,881,16.7,A,115,763,15.0,A,public,,True
768,2176,BRISTOL COMMUNITY COLLEGE                                        ,MA,5,1,218,1457,14.9,A,5,D,166,1322,12.5,A,161,1131,14.2,A,public,,True
2620,9765,THREE RIVERS COMMUNITY COLLEGE                                   ,CT,5,1,34,229,14.8,P,5,D,21,183,11.4,P,17,150,11.3,P,public,,True
2712,10387,EL PASO COMMUNITY COLLEGE                                        ,TX,5,1,209,1411,14.8,A,3,D,185,1335,13.8,A,176,1187,14.8,A,public,,True
1198,2870,JEFFERSON COMMUNITY COLLEGE                                      ,NY,5,1,144,971,14.8,A,5,D,127,932,13.6,A,134,864,15.5,A,public,,True
2216,6807,COMMUNITY COLLEGE OF BEAVER COUNTY                               ,PA,5,1,114,766,14.8,A,5,D,107,775,13.8,A,106,698,15.1,A,public,,True
197,1292,SOLANO COMMUNITY COLLEGE                                         ,CA,6,1,54,363,14.8,A,5,D,52,343,15.1,A,110,389,28.2,A,public,,True
221,1335,VICTOR VALLEY COMMUNITY COLLEGE                                  ,CA,5,1,70,476,14.7,A,5,D,208,963,21.5,A,195,858,22.7,A,public,,True
2804,11150,ASNUNTUCK COMMUNITY COLLEGE                                      ,CT,5,1,15,102,14.7,A,5,D,10,81,12.3,A,3,71,4.2,A,public,,True
904,2385,NORTHLAND COMMUNITY AND TECHNICAL COLLEGE                        ,MN,5,1,197,1337,14.7,P,5,D,178,1325,13.4,P,182,1391,13.0,P,public,,True
237,1355,LAMAR COMMUNITY COLLEGE                                          ,CO,5,1,29,196,14.7,A,5,D,49,219,22.3,A,38,255,14.9,A,public,,True
199,1294,SOUTHWESTERN COMMUNITY COLLEGE DISTRICT                          ,CA,5,1,42,286,14.6,A,3,D,52,297,17.5,A,46,293,15.6,A,public,,True
2208,6782,GENESEE COMMUNITY COLLEGE                                        ,NY,5,1,188,1286,14.6,A,5,D,243,1436,16.9,A,197,1327,14.8,A,public,,True
760,2168,CAPE COD COMMUNITY COLLEGE                                       ,MA,5,1,57,391,14.5,A,5,D,48,334,14.3,A,57,328,17.3,A,public,,True
2419,8228,SEWARD COUNTY COMMUNITY COLLEGE                                  ,KS,5,1,29,199,14.5,P,3,D,35,187,18.7,P,25,183,13.6,P,public,,True
2207,6777,FLATHEAD VALLEY COMMUNITY COLLEGE                                ,MT,5,1,86,590,14.5,A,5,D,67,585,11.4,A,77,601,12.8,A,public,,True
2618,9763,TULSA COMMUNITY COLLEGE                                          ,OK,5,1,618,4252,14.5,A,5,D,743,4354,17.0,A,753,3875,19.4,A,public,,True
2048,5220,SALT LAKE COMMUNITY COLLEGE                                      ,UT,5,1,729,5050,14.4,A,5,D,704,5010,14.0,A,612,4707,13.0,A,public,,True
2544,9236,NASHUA COMMUNITY COLLEGE                                         ,NH,5,1,155,1069,14.4,P,5,D,125,1007,12.4,P,112,998,11.2,P,public,,True
769,2177,MASSASOIT COMMUNITY COLLEGE                                      ,MA,5,1,117,809,14.4,A,5,D,88,773,11.3,A,94,705,13.3,A,public,,True
4268,40386,BRIDGEVALLEY COMMUNITY AND TECHNICAL COLLEGE                     ,WV,5,1,69,477,14.4,P,5,D,191,935,20.4,P,201,983,20.4,P,public,,True
2406,8129,ADULT AND COMMUNITY EDUCATION @HUDSON                            ,OH,3,1,21,145,14.4,A,5,D,7,128,5.4,A,12,117,10.2,A,public,,True
2401,8078,SPRINGFIELD TECHNICAL COMMUNITY COLLEGE                          ,MA,5,1,155,1079,14.3,P,5,D,125,957,13.0,P,111,826,13.4,P,public,,True
765,2173,NORTH SHORE COMMUNITY COLLEGE                                    ,MA,5,1,179,1251,14.3,P,5,D,116,974,11.9,P,138,977,14.1,P,public,,True
1809,3776,EVERETT COMMUNITY COLLEGE                                        ,WA,5,1,109,758,14.3,A,5,D,129,816,15.8,A,129,896,14.3,A,public,,True
2384,7933,FRONT RANGE COMMUNITY COLLEGE                                    ,CO,5,1,825,5736,14.3,P,5,D,810,5723,14.1,P,678,5147,13.1,P,public,,True
2454,8466,SOUTHWESTERN COMMUNITY COLLEGE                                   ,NC,5,1,29,203,14.2,A,5,D,42,178,23.5,A,48,177,27.1,A,public,,True
1663,3582,LAREDO COMMUNITY COLLEGE                                         ,TX,5,1,27,190,14.2,A,3,D,74,341,21.7,A,75,394,19.0,A,public,,True
897,2373,ROCHESTER COMMUNITY AND TECHNICAL COLLEGE                        ,MN,5,1,272,1922,14.1,A,5,D,287,2013,14.2,A,272,1994,13.6,A,public,,True
882,2350,VERMILION COMMUNITY COLLEGE                                      ,MN,5,1,36,255,14.1,A,5,D,35,259,13.5,A,32,298,10.7,A,public,,True
3012,20744,ILLINOIS EASTERN COMMUNITY COLLEGES -FRONTIER COMMUNITY COLLEGE  ,IL,5,1,8,57,14.0,A,5,D,5,57,8.7,A,14,82,17.0,A,public,,True
2110,5534,ST. CLOUD TECHNICAL AND COMMUNITY COLLEGE                        ,MN,5,1,260,1845,14.0,A,5,D,224,1795,12.4,A,230,1871,12.2,A,public,,True
692,2058,ANNE ARUNDEL COMMUNITY COLLEGE                                   ,MD,5,1,291,2064,14.0,A,5,D,284,2150,13.2,A,289,2092,13.8,A,public,,True
450,1705,ILLINOIS VALLEY COMMUNITY COLLEGE                                ,IL,5,1,42,302,13.9,A,5,D,37,325,11.3,A,58,368,15.7,A,public,,True
766,2174,NORTHERN ESSEX COMMUNITY COLLEGE                                 ,MA,5,1,171,1226,13.9,A,3,D,140,1026,13.6,A,139,910,15.2,A,public,,True
1209,2881,SUNY WESTCHESTER COMMUNITY COLLEGE                               ,NY,5,1,167,1197,13.9,A,5,D,134,1058,12.6,A,94,1012,9.2,A,public,,True
2329,7560,RIVER VALLEY COMMUNITY COLLEGE                                   ,NH,5,1,54,388,13.9,A,5,D,47,353,13.3,A,48,327,14.6,A,public,,True
13,1022,JEFFERSON STATE COMMUNITY COLLEGE                                ,AL,5,1,222,1588,13.9,A,5,D,208,1650,12.6,A,245,1524,16.0,A,public,,True
2625,9786,ILLINOIS EASTERN COMMUNITY COLLEGES - LINCOLN TRAIL COLLEGE      ,IL,5,1,13,93,13.9,A,5,D,14,90,15.5,A,10,94,10.6,A,public,,True
1632,3539,ALVIN COMMUNITY COLLEGE                                          ,TX,5,1,43,311,13.8,A,5,D,49,339,14.4,A,59,332,17.7,A,public,,True
767,2175,QUINSIGAMOND COMMUNITY COLLEGE                                   ,MA,5,1,282,2033,13.8,A,5,D,231,1831,12.6,A,170,1506,11.2,A,public,,True
2222,6836,MOTLOW STATE COMMUNITY COLLEGE                                   ,TN,5,1,69,498,13.8,A,5,D,87,526,16.5,A,90,485,18.5,A,public,,True
1775,3727,NORTHERN VIRGINIA COMMUNITY COLLEGE                              ,VA,5,1,787,5682,13.8,P,5,D,652,5272,12.3,P,480,3972,12.0,P,public,,True
2506,8906,MACOMB COMMUNITY COLLEGE                                         ,MI,5,1,302,2207,13.6,P,5,D,194,1881,10.3,P,208,1720,12.0,P,public,,True
3811,30838,HEARTLAND COMMUNITY COLLEGE                                      ,IL,5,1,79,580,13.6,A,5,D,98,611,16.0,A,131,595,22.0,A,public,,True
3532,25083,SOUTHEAST COMMUNITY COLLEGE                                      ,NE,5,1,477,3520,13.5,P,5,D,578,3707,15.5,P,547,3892,14.0,P,public,,True
2584,9543,RED ROCKS COMMUNITY COLLEGE                                      ,CO,8,1,299,2233,13.3,A,5,D,335,2160,15.5,A,309,1908,16.1,A,public,,True
2206,6775,RAINY RIVER COMMUNITY COLLEGE                                    ,MN,5,1,12,90,13.3,A,5,D,22,94,23.4,A,38,113,33.6,A,public,,True
2945,12907,LAKE TAHOE COMMUNITY COLLEGE                                     ,CA,5,1,6,45,13.3,B,5,D,10,64,15.6,B,17,84,20.2,B,public,,True
585,1909,CLOUD COUNTY COMMUNITY COLLEGE                                   ,KS,5,1,60,448,13.3,A,5,D,93,582,15.9,A,101,562,17.9,A,public,,True
2657,9994,PASSAIC COUNTY COMMUNITY COLLEGE                                 ,NJ,5,1,59,441,13.3,A,3,D,57,443,12.8,A,30,300,10.0,A,public,,True
3010,20739,WOR-WIC COMMUNITY COLLEGE                                        ,MD,5,1,43,324,13.2,A,5,D,38,315,12.0,A,42,322,13.0,A,public,,True
1823,3791,SHORELINE COMMUNITY COLLEGE                                      ,WA,5,1,98,737,13.2,A,5,D,113,809,13.9,A,104,769,13.5,A,public,,True
2810,11210,BUNKER HILL COMMUNITY COLLEGE                                    ,MA,5,1,104,784,13.2,A,5,D,93,689,13.4,A,79,667,11.8,A,public,,True
2356,7692,MORAINE VALLEY COMMUNITY COLLEGE                                 ,IL,5,1,103,780,13.2,A,5,D,86,731,11.7,A,68,696,9.7,A,public,,True
3009,20735,UNIVERSITY OF ARKANSAS COMMUNITY COLLEGE AT BATESVILLE           ,AR,5,1,35,268,13.0,A,5,D,61,367,16.6,A,120,490,24.4,A,public,,True
609,1938,PRATT COMMUNITY COLLEGE                                          ,KS,5,1,53,407,13.0,A,5,D,49,374,13.1,A,40,329,12.1,A,public,,True
699,2071,FREDERICK COMMUNITY COLLEGE                                      ,MD,5,1,53,413,12.8,A,5,D,43,367,11.7,A,24,331,7.2,A,public,,True
3619,25688,SUSSEX COUNTY COMMUNITY COLLEGE                                  ,NJ,5,1,47,366,12.8,P,5,D,47,449,10.4,P,39,424,9.1,P,public,,True
2832,11667,NORTHEAST COMMUNITY COLLEGE                                      ,NE,5,1,123,957,12.8,P,5,D,159,969,16.4,P,102,902,11.3,P,public,,True
1205,2877,ROCKLAND COMMUNITY COLLEGE                                       ,NY,5,1,77,598,12.8,A,5,D,69,584,11.8,A,77,590,13.0,A,public,,True
229,1346,ARAPAHOE COMMUNITY COLLEGE                                       ,CO,5,1,332,2607,12.7,A,5,D,344,2484,13.8,A,364,2523,14.4,A,public,,True
2363,7731,RARITAN VALLEY COMMUNITY COLLEGE                                 ,NJ,5,1,76,596,12.7,A,5,D,50,538,9.2,A,51,513,9.9,A,public,,True
2611,9740,INVER HILLS COMMUNITY COLLEGE                                    ,MN,5,1,208,1640,12.6,P,5,D,196,1703,11.5,P,190,1807,10.5,P,public,,True
1990,4736,BERGEN COMMUNITY COLLEGE                                         ,NJ,5,1,190,1497,12.6,A,5,D,142,1431,9.9,A,103,1147,8.9,A,public,,True
3528,25039,WARREN COUNTY COMMUNITY COLLEGE                                  ,NJ,5,1,27,214,12.6,A,5,D,20,159,12.5,A,14,166,8.4,A,public,,True
586,1910,COFFEYVILLE COMMUNITY COLLEGE                                    ,KS,5,1,42,336,12.5,P,5,D,71,391,18.1,P,51,372,13.7,P,public,,True
1932,4004,JOHN TYLER COMMUNITY COLLEGE                                     ,VA,5,1,141,1123,12.5,A,5,D,178,1125,15.8,A,131,938,13.9,A,public,,True
239,1359,COLORADO NORTHWESTERN COMMUNITY COLLEGE                          ,CO,5,1,28,225,12.4,A,5,D,32,204,15.6,A,49,241,20.3,A,public,,True
2496,8863,WALTERS STATE COMMUNITY COLLEGE                                  ,TN,5,1,72,581,12.3,A,5,D,111,694,15.9,A,115,686,16.7,A,public,,True
2233,6931,WAUBONSEE COMMUNITY COLLEGE                                      ,IL,5,1,131,1064,12.3,A,5,D,122,958,12.7,A,138,896,15.4,A,public,,True
2445,8404,BROOKDALE COMMUNITY COLLEGE                                      ,NJ,5,1,207,1685,12.2,A,5,D,252,1803,13.9,A,243,1857,13.0,A,public,,True
869,2332,ANOKA-RAMSEY COMMUNITY COLLEGE                                   ,MN,5,1,295,2413,12.2,A,5,D,329,2600,12.6,A,294,2594,11.3,A,public,,True
954,2471,SAINT LOUIS COMMUNITY COLLEGE                                    ,MO,5,1,248,2028,12.2,P,5,D,331,2150,15.3,P,263,1877,14.0,P,public,,True
430,1675,ELGIN COMMUNITY COLLEGE                                          ,IL,5,1,119,979,12.1,A,5,D,123,978,12.5,A,150,1030,14.5,A,public,,True
1271,2970,SURRY COMMUNITY COLLEGE                                          ,NC,5,1,15,123,12.1,B,5,D,3,40,7.5,A,9,64,14.0,A,public,,True
1433,3240,BUTLER COUNTY COMMUNITY COLLEGE                                  ,PA,5,1,87,714,12.1,A,5,D,80,718,11.1,A,119,882,13.4,A,public,,True
1196,2868,HUDSON VALLEY COMMUNITY COLLEGE                                  ,NY,5,1,343,2857,12.0,A,5,D,364,3074,11.8,A,417,3138,13.2,A,public,,True
992,2528,MILES COMMUNITY COLLEGE                                          ,MT,5,1,16,134,11.9,A,5,D,25,190,13.1,A,21,190,11.0,A,public,,True
604,1930,LABETTE COMMUNITY COLLEGE                                        ,KS,5,1,24,205,11.7,A,5,D,14,186,7.5,A,18,195,9.2,A,public,,True
2747,10633,HOUSTON COMMUNITY COLLEGE                                        ,TX,5,1,1229,10478,11.7,A,5,D,2133,10490,20.3,A,1961,8795,22.2,A,public,,True
1973,4608,BARTON COUNTY COMMUNITY COLLEGE                                  ,KS,5,1,56,479,11.6,A,5,D,95,604,15.7,A,87,520,16.7,A,public,,True
2665,10051,CUNY LAGUARDIA COMMUNITY COLLEGE                                 ,NY,5,1,78,675,11.5,A,3,D,48,646,7.4,A,59,577,10.2,A,public,,True
1094,2697,QUEENSBOROUGH COMMUNITY COLLEGE-CUNY                             ,NY,5,1,77,669,11.5,A,5,D,78,676,11.5,A,68,687,9.8,A,public,,True
303,1485,FLORIDA KEYS COMMUNITY COLLEGE                                   ,FL,6,1,16,141,11.3,A,5,D,23,156,14.7,A,31,160,19.3,A,public,,True
1963,4513,HOUSATONIC COMMUNITY COLLEGE                                     ,CT,5,1,26,230,11.3,A,5,D,21,205,10.2,A,15,166,9.0,A,public,,True
2391,7954,NORMANDALE COMMUNITY COLLEGE                                     ,MN,5,1,299,2632,11.3,A,5,D,315,2855,11.0,A,329,2685,12.2,A,public,,True
2114,5544,ALEXANDRIA TECHNICAL AND COMMUNITY COLLEGE                       ,MN,5,1,92,818,11.2,A,5,D,76,864,8.7,A,66,793,8.3,A,public,,True
2648,9936,MIDDLESEX COMMUNITY COLLEGE                                      ,MA,5,1,118,1055,11.1,A,5,D,131,1100,11.9,A,125,1027,12.1,A,public,,True
763,2171,MASSACHUSETTS BAY COMMUNITY COLLEGE                              ,MA,5,1,86,770,11.1,A,5,D,82,719,11.4,A,55,602,9.1,A,public,,True
2861,12015,AUSTIN COMMUNITY COLLEGE                                         ,TX,5,1,615,5563,11.0,A,5,D,1276,7028,18.1,A,1365,6855,19.9,A,public,,True
1027,2582,MANCHESTER COMMUNITY COLLEGE                                     ,NH,5,1,163,1471,11.0,P,5,D,178,1482,12.0,P,149,1307,11.4,P,public,,True
3557,25306,SAINT CHARLES COMMUNITY COLLEGE                                  ,MO,5,1,87,796,10.9,A,5,D,97,815,11.9,A,109,818,13.3,A,public,,True
3843,31007,CARROLL COMMUNITY COLLEGE                                        ,MD,5,1,5,46,10.8,A,5,D,0,0,0.0,A,0,0,0.0,A,public,2013 2012,True
1267,2961,SANDHILLS COMMUNITY COLLEGE                                      ,NC,5,1,5,46,10.8,B,5,D,8,69,11.5,B,12,139,8.6,B,public,,True
1432,3239,BUCKS COUNTY COMMUNITY COLLEGE                                   ,PA,5,1,126,1175,10.7,A,5,D,104,1137,9.1,A,119,1227,9.6,A,public,,True
703,2075,HARFORD COMMUNITY COLLEGE                                        ,MD,5,1,40,372,10.7,A,5,D,30,310,9.6,A,20,249,8.0,A,public,,True
2472,8611,"CUNY, HOSTOS COMMUNITY COLLEGE                                   ",NY,5,1,44,408,10.7,A,3,D,29,285,10.1,A,36,328,10.9,A,public,,True
1090,2692,CUNY BRONX COMMUNITY COLLEGE                                     ,NY,5,1,73,692,10.5,A,3,D,69,646,10.6,A,65,583,11.1,A,public,,True
2619,9764,TUNXIS COMMUNITY COLLEGE                                         ,CT,5,1,20,192,10.4,A,5,D,26,188,13.8,A,16,200,8.0,A,public,,True
587,1911,COLBY COMMUNITY COLLEGE                                          ,KS,5,1,32,306,10.4,A,5,D,25,346,7.2,A,10,280,3.5,A,public,,True
136,1203,GLENDALE COMMUNITY COLLEGE                                       ,CA,5,1,41,396,10.3,A,5,D,22,249,8.8,A,23,240,9.5,A,public,,True
2074,5316,COASTAL CAROLINA COMMUNITY COLLEGE                               ,NC,5,1,6,59,10.1,P,5,D,25,111,22.5,P,9,19,47.3,P,public,,True
1026,2581,NHTI - CONCORD'S COMMUNITY COLLEGE                               ,NH,5,1,170,1672,10.1,A,5,D,174,1626,10.7,A,124,1507,8.2,A,public,,True
2245,6982,NAUGATUCK VALLEY COMMUNITY COLLEGE                               ,CT,5,1,34,334,10.1,P,5,D,35,325,10.7,P,26,298,8.7,P,public,,True
1972,4600,NORTHWEST IOWA COMMUNITY COLLEGE                                 ,IA,5,1,36,357,10.0,A,5,D,27,327,8.2,A,34,333,10.2,A,public,,True
599,1925,KANSAS CITY KANSAS COMMUNITY COLLEGE                             ,KS,5,1,148,1476,10.0,P,5,D,146,1298,11.2,P,151,1354,11.1,P,public,,True
259,1398,NORTHWESTERN CONNECTICUT COMMUNITY COLLEGE                       ,CT,5,1,6,60,10.0,B,5,D,6,64,9.3,B,4,66,6.0,B,public,,True
1206,2878,SUFFOLK COUNTY COMMUNITY COLLEGE                                 ,NY,5,1,327,3283,9.9,A,5,D,319,3529,9.0,A,284,3157,8.9,A,public,,True
2412,8175,HOWARD COMMUNITY COLLEGE                                         ,MD,5,1,83,845,9.8,A,5,D,88,971,9.0,A,53,706,7.5,A,public,,True
1028,2583,GREAT BAY COMMUNITY COLLEGE                                      ,NH,5,1,63,638,9.8,A,5,D,77,620,12.4,A,44,554,7.9,A,public,,True
598,1924,INDEPENDENCE COMMUNITY COLLEGE                                   ,KS,5,1,16,166,9.6,A,5,D,19,156,12.1,A,25,145,17.2,A,public,,True
1201,2873,NASSAU COMMUNITY COLLEGE                                         ,NY,5,1,222,2326,9.5,A,5,D,217,2238,9.6,A,169,2119,7.9,A,public,,True
1683,3609,SAN JACINTO COMMUNITY COLLEGE DISTRICT                           ,TX,5,1,175,1910,9.1,A,5,D,345,1986,17.3,A,292,1703,17.1,A,public,,True
472,1742,ILLINOIS EASTERN COMMUNITY COLLEGES - OLNEY CENTRAL COLLEGE      ,IL,5,1,10,112,8.9,A,5,D,19,125,15.2,A,11,112,9.8,A,public,,True
579,1902,COWLEY COUNTY COMMUNITY COLLEGE & AREA VOCATIONAL TECHNICAL SCHOO,KS,5,1,128,1468,8.7,A,5,D,132,1395,9.4,A,100,1199,8.3,A,public,,True
260,1399,NORWALK COMMUNITY COLLEGE                                        ,CT,5,1,3,35,8.5,P,5,D,4,38,10.5,P,1,33,3.0,P,public,,True
256,1392,MANCHESTER COMMUNITY COLLEGE                                     ,CT,5,1,9,110,8.1,P,5,D,9,113,7.9,P,7,107,6.5,P,public,,True
2638,9896,OAKTON COMMUNITY COLLEGE                                         ,IL,5,1,14,171,8.1,A,5,D,7,168,4.1,A,13,170,7.6,A,public,,True
594,1919,GARDEN CITY COMMUNITY COLLEGE                                    ,KS,5,1,24,295,8.1,A,5,D,15,263,5.7,A,28,328,8.5,A,public,,True
1892,3930,NORTHERN WYOMING COMMUNITY COLLEGE DISTRICT                      ,WY,5,1,28,353,7.9,A,5,D,51,359,14.2,A,40,316,12.6,A,public,,True
607,1936,NEOSHO COUNTY COMMUNITY COLLEGE                                  ,KS,5,1,31,409,7.5,A,5,D,44,412,10.6,A,29,329,8.8,A,public,,True
993,2529,DAWSON COMMUNITY COLLEGE                                         ,MT,5,1,8,107,7.4,A,5,D,19,136,13.9,A,22,140,15.7,A,public,,True
597,1923,HUTCHINSON COMMUNITY COLLEGE                                     ,KS,5,1,67,1133,5.9,A,5,D,79,1144,6.9,A,79,1123,7.0,A,public,,True
4153,37894,RIVER PARISHES COMMUNITY COLLEGE                                 ,LA,5,1,27,475,5.6,A,5,D,45,572,7.8,A,34,450,7.5,A,public,,True
